HCPCS,Mod,Description,Billing Unit,Managed Rental Rate,Managed Purchase Rate,Commercial Rental Rate,Commercial Purchase Rate,Comments
E0637,NU,"Combination sit-to-stand system, any size",Each,,Retail less 25%,,Retail less 36%,
E0638,NU,"Standing frame system, any size",Each,,Retail less 25%,,Retail less 36%,
E0641,NU,"Standing frame system, multi-position, any size",Each,,Retail less 25%,,Retail less 36%,
E0642,NU,"Standing frame system, mobile, any size",Each,,Retail less 25%,,Retail less 36%,
E0950,NU/RR,"Wheelchair accessory, tray",Each/Month,Retail less 36%,Retail less 36%,Retail less 36%,Retail less 36%,
E0951,NU,Heel L00ps,Each,,18.25,,Retail less 36%,
E0952,NU,Toe L00p/Holder,Each,,18.1,,Retail less 36%,
E0955,NU,"Wheelchair accessory, headrest, cushioned, any type, includes hardware",Each,,194.1,,Retail less 36%,
E0956,NU,"Wheelchair accessory, lateral trunk or hip support, any type, includes hardware",Each,,94.6,,Retail less 36%,
E0957,NU,"Wheelchair accessory, medial thigh
?upport, any type includes fixed mounting hardware",Each,,132.35,,Retail less 36%,
E0958,NU,"Wheelchair accessory, one-arm drive attachment",Each,,Retail less 36%,,Retail less 36%,
E0959,NU,"Wheelchair accessory, adapter for amputee",Each,,41.75,,Retail less 36%,
E0960,NU,"Wheelchair accessory, shoulder
harness/straps or chest strap, includes mountinq hardware",Each,,Retail less 36%,,Retail less 36%,
E0961,NU,"Wheelchair accessory, wheel lock brake extension handle",Each,,21.5,,Retail less 36%,
E0966,NU,Wheelchair head rest extension,Each,,74.5,,Retail less 36%,
E0967,NU,Manual wc hand rim w project,Each,,70.65,,Retail less 36%,
E0968,NU,Wheelchair commode seat,Each,,Retail less 36%,,Retail less 36%,
E0969,NU,Wheelchair narrowing device,Each,,174.4,,Retail less 36%,
E0971,NU/RR,"Anti-tipping device, manual wheelchair",Each/Month,2.8,28,2.8,28,
E0973,NU,"Armrest, adjustable height, detachable, complete assembly",Each,,110.35,,Retail less 36%,
E0974,NU/RR,"Wheelchair accessory, antirollback device",Each/Month,7.7,77,Retail less 36%,Retail less 36%,
E0978,NU,"Wheelchair accessory, belUstrap",Each,,34.85,,Retail less 36%,
E0980,NU,Wheelchair safety vest,Each,,34.35,,Retail less 36%,
E0981,NU,"Seat upholstery, replacement",Each,,45.25,,Retail less 36%,
E0982,NU,"Back upholstery, replacement",Each,,49.45,,Retail less 36%,
E0983,NU,Convert MWC to PWC- joystick control,Each,,Retail less 36%,,Retail less 36%,
E0984,NU,Convert MWC to PWC - tiller control,Each,,Retail less 36%,,Retail less 36%,
E0985,NU,"Wheelchair accessory, seat lift mechanism",Each,,226,,Retail less 36%,
E0986,NU,"Wheelchair accessory, push activated power assist",Each,,Retail less 36%,,Retail less 36%,
E0988,NU,"Wheelchair accessory, wheel drive",Pair,,3204.3,,Retail less 36%,
E0990,NU,Wheelchair elevating leg res,Each,,96.25,,Retail less 36%,
E0992,NU,Wheelchair solid seat insert,Each,,78.1,,Retail less 36%,
E0994,NU,Wheelchair arm rest,Each,,18.1,,Retail less 36%,
E0995,NU,Wheelchair calf rest,Each,,29.15,,Retail less 36%,
E1002,NU,"Wheelchair power seating system, tilt only",Each,,3664.5,,3664.5,
E1003,NU,"Wheelchair power seating system, recline only, without shear reduction",Each,,Retail less 36%,,Retail less 36%,
E1004,NU,"Wheelchair power seating system, recline only, with mechanical shear reduction",Each,,Retail less 36%,,Retail less 36%,
E1005,NU,"Wheelchair power seatng system, recline only, with power shear reduction",Each,,Retail less 36%,,Retail less 36%,
E1006,NU,"Wheelchair power seating system,
combination tilt and recline, without shear reduction",Each,,Retail less 36%,,Retail less 36%,
E1007,NU,"Wheelchair power seating system, combination tilt and recline, with mechanical shear reduction",Each,,7902.95,,7902.95,
E1008,NU,"Wheelchair power seating system, combination tilt and recline, with power
shear reduction",Each,,Retail less 36%,,Retail less 36%,
E1009,NU,"Addition to power seating system, mechanically linked leg elevation system, including pushrod and leg rest",Each,,Retail less 36%,,Retail less 36%,
E1010,NU,"Addition to power seating system, power leg elevation system, including leg rest",Each,,Retail less 36%,,Retail less 36%,
E1011,NU,"Modification to pediatric size wheelchair,
width adjustment package (not to be dispensed with initial chair)",Each,,Retail less 36%,,Retail less 36%,
E1012,NU,"Wheelchair accessory, Center mount, power elevating leg rest",Each,,1795,,1795,
E1014,NU,"Wheelchair accessory, reclining back, additional to pediatric wheelchair",Each,,Retail less 36%,,Retail less 36%,
E1015,NU,Shock absorber for manual wheelchair,Each,,125.1,,Retail less 36%,
E1016,NU,Shock absorber for power wheelchair,Each,,126,,Retail less 36%,
E1017-E1019,NU,"Wheelchair accessory, shock absorber",Each,,Retail less 36%,,Retail less 36%,
E1020,NU,"Residual limb support system for wheelchair, any type",Each,,233.4,,Retail less 36%,
E1028,NU,"Manual swingaway, retractable, or removable mounting hardware",Each,,198.1,,Retail less 36%,
E1029,NU/RR,"Wheelchair accessory, vent tray",Each/Month,Retail less 36%,Retail less 36%,Retail less 36%,Retail less 36%,
E1030,NU/RR,"Wheelchair accessory, vent tray gimbaled",Each/Month,Retail less 36%,Retail less 36%,Retail less 36%,Retail less 36%,
E1031,NU/RR,Rollabout chair (Geri-chair),Each/Month,41,410,41,410,
E1035-E1037,NU,Transport chair,Each,,Retail less 36%,,Retail less 36%,
E1161,NU,Manual WC w/tilt in space,Each,,2634,,2634,
E1220,NU/RR,"Wheelchair, specially sized or constructed",Each/Month,112,896,112,896,
E1226,NU/RR,"Wheelchair accessory, manual fully reclining back",Each/Month,35.05,350.5,35.05,350.5,
E1229,NU,"Wheelchair, pediatric size, not otherwise specified",Each,,Retail less 36%,,Retail less 36%,
E1231,NU,"Wheelchair, pediatric size, tilt-in-space, rigid, adjustable, with seating system",Each,,Retail less 36%,,Retail less 36%,
E1232,NU,"Wheelchair, pediatric size, tilt-in-space, folding, adjustable, with seating system",Each,,Retail less 36%,,Retail less 36%,
E1233,NU,"Wheelchair, pediatric size, tilt-in-space, rigid, adjustable, without seating system",Each,,Retail less 36%,,Retail less 36%,
E1234,NU,"Wheelchair, pediatric size, tilt-in-space, folding, adjustable, without seating",Each,,Retail less 36%,,Retail less 36%,
E1235,NU,"Wheelchair, pediatric size, rigid, adjustable, with seating system",Each,,Retail less 36%,,Retail less 36%,
E1236,NU,"Wheelchair, pediatric size, folding, adjustable, with seating system",Each,,Retail less 36%,,Retail less 36%,
E1237,NU,"Wheelchair, pediatric size, rigid, adjustable, without seating system",Each,,Retail less 36%,,Retail less 36%,
E1238,NU,"Wheelchair, pediatric size, folding, adjustable, without seating system",Each,,Retail less 36%,,Retail less 36%,
E2201,NU/RR,"Wheelchair seat, non-standard width 20 - 23inches",Each/Month,15,150,15,150,
E2202,NU/RR,"Wheelchair seat, non-standard width 24 - 27inches",Each/Month,17.5,175,17.5,175,
E2203,NU/RR,"Wheelchair seat, non-standard width 20 - 21 inches",Each/Month,15,150,15,150,
E2204,NU/RR,"Wheelchair seat, non-standard width 22 - 25inches",Each/Month,17.5,175,17.5,175,
E2205,NU,"Manual wheelchair accessory, handrim",Each,,30.1,,Retail less 36%,
E2206,NU,Complete wheel lock assembly,Each,,39.8,,Retail less 36%,
E2207,NU,Crutch and cane holder,Each,,47.45,,Retail less 36%,
E2208,NU,Cylinder tank carrier,Each/Month,11.2,112,Retail less 36%,Retail less 36%,
E2209,NU,Arm trough each,Each,,101.15,,Retail less 36%,
E2210,NU,Wheelchair bearings,Each,,6.3,,Retail less 36%,
E2211,NU,"Manual wheelchair accessory, pneumatic propulsion tire",Each,,35.5,,Retail less 36%,
E2212,NU,"Manual wheelchair accessory, pneumatic prop tire tube",Each,,5.5,,Retail less 36%,
E2213,NU,"Manual wheelchair accessory, pneumatic prop tire insert",Each,,31,,Retail less 36%,
E2214,NU,"Manual wheelchair accessory, pneumatic caster tire each",Each,,30.35,,Retail less 36%,
E2215,NU,"Manual wheelchair accessory, pneumatic caster tire tube",Each,,10.5,,Retail less 36%,
E2216-E2218,NU,Manual wheelchair accessories,Each,,Retail less 36%,,Retail less 36%,
E2219,NU,"Manual wheelchair accessory, foam caster tire any size ea",Each,,42.25,,Retail less 36%,
E2220,NU,"Manual wheelchair accessory, solid propulsion tire each",Each,,26.6,,Retail less 36%,
E2221,NU,"Manual wheelchair accessory, solid caster tire each",Each,,27.75,,Retail less 36%,
E2222,NU,"Manual wheelchair accessory, solid caster integrated whl",Each,,23.15,,Retail less 36%,
E2223,NU,"Manual wheelchair accessory, replacement valve",Each,,Retail less 36%,,Retail less 36%,
E2224,NU,Propulsion whl excludes tire,Each,,98.45,,Retail less 36%,
E2225,NU,Caster wheel excludes tire,Each,,19.4,,Retail less 36%,
E2226,NU,Caster fork replacement only,Each,,41,,Retail less 36%,
E2228,NU,"Manual wheelchair accessory, wheelchair brake",Each,,865.9,,Retail less 36%,
E2230,NU,"Manual wheelchair accessory, manual standing system",Each,,Retail less 36%,,Retail less 36%,
E2231,NU,"Manual wheelchair accessory, solid seat support base",Each,,144.9,,Retail less 36%,
E2291-E2295,NU,Pediatric wheelchair accessories,Each,,Retail less 36%,,Retail less 36%,
E2300,NU,"Wheelchair accessory, power seat elevation system",Each,,Retail less 36%,,Retail less 36%,
E2301,,"Wheelchair accessory, power standing system",,,Retail less 36%,,Retail less 36%,
E2310,NU,"PWC accessory, electronic connection between controller and 1 power seating
system motor",Each,,1122.7,,1122.7,
E2311,NU,"PWC accessory, electronic connection between controller and 2 or more power seat system motors",Each,,2273.3,,2273.3,
E2312,NU,"Power wheelchair accessory, mini-prop remote joystick",Each,,Retail less 36%,,Retail less 36%,
E2313,NU,"Wheelchair accessory, harness, expand control",Each,,343,,343,
E2321,NU,"Power wheelchair accessory, hand control interface, remote joystick",Each,,Retail less 36%,,Retail less 36%,
E2322,NU,"Power wheelchair accessory, hand control interface, multiple mechanical switches",Each,,Retail less 36%,,Retail less 36%,
E2323,NU,"Power wheelchair accessory, special joystick handle",Each,,66.4,,Retail less 36%,
E2324,NU,"Power wheelchair accessory, chin cup interface",Each,,42.05,,Retail less 36%,
E2325,NU,"Power wheelchair accessory, sip and puff interface",Each,,Retail less 36%,,Retail less 36%,
E2326,NU,"Power wheelchair accessory, breath tube kit for sip and puff interface",Each,,Retail less 36%,,Retail less 36%,
E2327,NU,"Power wheelchair accessory, head control interface, mechanical",Each,,Retail less 36%,,Retail less 36%,
E2328,NU,"Power wheelchair accessory, head control or extremity control interface,",Each,,Retail less 36%,,Retail less 36%,
E2329,NU,"Power wheelchair accessory, head control interface, contact switch",Each,,Retail less 36%,,Retail less 36%,
E2330,NU,"Power wheelchair accessory, head control interface, proximity switch",Each,,Retail less 36%,,Retail less 36%,
E2340,NU,"Power wheelchair accessory, 20 - 24 inch width seat frame",Each,,398.95,,Retail less 36%,
E2341,NU,"Power wheelchair accessory, 24 - 27 inch width seat frame",Each,,598.45,,Retail less 36%,
E2342,NU,"Power wheelchair accessory, 20 - 21 inch depth seat frame",Each,,498.75,,Retail less 36%,
E2343,NU,"Power wheelchair accessory, 22 - 25 inch depth seat frame",Each,,797.95,,Retail less 36%,
E2351,NU,"PWC accessory, electronic interface to operate speech generating device using PWC control interface",Each,,Retail less 36%,,Retail less 36%,
E2359,NU,"Power wheelchair accessory, Group 34 sealed lead acid battery",Each,,193.3,,193.3,
E2360,NU,"Power wheelchair accessory, 22 NF non-sealed lead acid",Each,,148,,148,
E2361,NU,"Power wheelchair accessory, 22 NF sealed lead acid battery (gel cell)",Each,,131.6,,131.6,
E2362,NU,"Power wheelchair accessory, group 24 non-sealed lead acid battery",Each,,100.7,,100.7,
E2363,NU,"Power wheelchair accessory, group 24 sealed lead acid battery (gel cell)",Each,,175.5,,175.5,
E2365,NU,"Power wheelchair accessory, u-1 sealed lead acid battery (gel cell)",Each,,105.85,,105.85,
E2366,NU,Battery charger for electric wheelchair,Each,,252.95,,252.95,
E2367,NU,Battery charger for electric wheelchair - dual,Each,,402.1,,402.1,
E2368,NU,"Power Wheelchair component, drive wheel motor, replacement only",Each,,521.7,,Retail less 36%,
E2369,NU,"Power Wheelchair component, drive wheel gear box, replacement only",Each,,431.9,,Retail less 36%,
E2370,NU,"Power wheelchair component; integrated drive wheel motor and gear box
combination, replacement only",Each,,770.4,,770.4,
E2371,NU,"Power wheelchair accessory, group 27 sealed lead acid battery (gel cell)",Each,,142.1,,Retail less 36%,
E2372,NU,"Power wheelchair accessory, group 27 non-sealed lead acid battery",Each,,Retail less 36%,,Retail less 36%,
E2373,NU,"PWC accessory, hand or chin control interface, compact remote joystick",Each,,Retail less 36%,,Retail less 36%,
E2374,NU,"PWC accessory, hand or chin control interface, standard remote joystick",Each,,Retail less 36%,,Retail less 36%,
E2375,NU,"PWC accessory, nonexpandable controller, replacement only",Each,,821.7,,Retail less 36%,
E2376,NU,"PWC, expandable controller, replacement only",Each,,Retail less 36%,,Retail less 36%,
E2377,NU,"PWC accessory, expandable controller, provided at initial issue",Each,,Retail less 36%,,Retail less 36%,
E2378,NU,"Power wheelchair component, actuator, replacement only",Each,,Retail less 36%,,Retail less 36%,
E2381,NU,"Power wheelchair accessory, pneumatic drive wheel tire",Each,,71.85,,Retail less 36%,
E2382,NU,"Power wheelchair accessory, tube for pneumatic drive wheel tire",Each,,19.6,,Retail less 36%,
E2383,NU,"Power wheelchair accessory, insert for pneumatic drive wheel tire",Each,,143.3,,Retail less 36%,
E2384,NU,"Power wheelchair accessory, pneumatic caster tire",Each,,76.4,,Retail less 36%,
E2385,NU,"Power wheelchair accessory, tube for pneumatic caster tire",Each,,46.7,,Retail less 36%,
E2386,NU,"Power wheelchair accessory, foam filled drive wheel tire",Each,,142,,Retail less 36%,
E2387,NU,"Power wheelchair accessory, foam filled caster tire",Each,,61.3,,Retail less 36%,
E2388,NU,"Power wheelchair accessory, foam drive wheel tire",Each,,48.35,,Retail less 36%,
E2389,NU,"Power wheelchair accessory, foam caster tire",Each,,26.25,,Retail less 36%,
E2390,NU,"Power wheelchair accessory, solid drive wheel tire",Each,,41.05,,Retail less 36%,
E2391,NU,"Power wheelchair accessory, solid caster tire",Each,,19.65,,Retail less 36%,
E2392,NU,"Power wheelchair accessory, solid caster tire with integrated wheel",Each,,51.7,,Retail less 36%,
E2394,NU,"Power wheelchair accessory, drive wheel excludes tire",Each,,73.65,,Retail less 36%,
E2395,NU,"Power wheelchair accessory, caster wheel excludes tire",Each,,52.35,,Retail less 36%,
E2396,NU,"Power wheelchair accessory, caster fork",Each,,63.8,,Retail less 36%,
E2397,NU,"Power wheelchair accessory, lithium-based battery",Each,,461.05,,Retail less 36%,
E2601-E2625,NU,Wheelchair seat cushion,Each,,Retail less 36%,,Retail less 36%,
E2619-E2621,NU,Wheelchair back cushion,Each,,Retail less 36%,,Retail less 36%,
E2622-E2623,NU,Skin proctection wheelchair cushion,Each,,Retail less 36%,,Retail less 36%,
E2624-E2625,NU,Skin proctection and positioning wheelchair cushion,Each,,Retail less 36%,,Retail less 36%,
E2626,NU,"Shoulder elbow, mobile arm support attached to wheelchair, balanced, adjustable",Each,,691.5,,Retail less 36%,
E2627,NU,"Shoulder elbow, mobile arm support attached to wheelchair, balanced,
adjustable rancho type",Each,,1103.35,,Retail less 36%,
E2628,NU,"Shoulder elbow, mobile arm support attached to wheelchair, balanced,
reclining",Each,,831.2,,Retail less 36%,
E2629,NU,"Shoulder elbow, mobile arm support attached to wheelchair, balanced, friction
dampening arm support",Each,,1051.9,,Retail less 36%,
E2630,NU,"Shoulder elbow, mobile arm, monosusp
arm/hand, overhead elbow forearm hand sling, yoke type",Each,,735.6,,Retail less 36%,
E2631,NU,"Addition to mobile arm support, elevating proximal arm",Each,,250.1,,Retail less 36%,
E2632,NU,"Addition to mobile arm supp, offset or lateral rocker arm, elastic balance ctrl",Each,,159,,Retail less 36%,
E2633,NU,"Wheelchair accessory, addition to mobile arm support, supinator",Each,,158.7,,Retail less 36%,
K0001,NU/RR,"Manual wheelchair, standard adult, fixed/removeable arms, std f00trest",Each/Month,40,400,40,400,
K0002,NU/RR,"Manual wheelchair, standard hemi, fixed/removeable arms, strd f00trest",Each/Month,40,400,40,400,
K0003,NU/RR,"Manual wheelchair, lightweight, fixed/removeable arms, std f00trest",Each/Month,45.95,505.45,45.95,505.45,
K0004,NU/RR,"Manual WC, high-strength lightweight, fixed/removeable arms, std f00trest",Each/Month,45.25,452.5,45.25,452.5,
K0005,NU/RR,"Manual wheelchair, ultra-lightweight (special sizing)",Each/Month,202.4,2024,202.4,2024,
K0006,NU/RR,"Manual wheelchair, heavy duty, fixed/removeable arms, std f00trest",Each/Month,94.8,948,94.8,948,
K0007,NU/RR,"Manual wheelchair, extra-heavy duty, fixed/removeable arms, std f00trest",Each/Month,134.9,1349,134.9,1349,
K0009,NU,Other manual wheelchair base,Each,,Quote,,Quote,
K0015,NU,"Detachable, non-adjustible height armrest",Each,,171.3,,Retail less 36%,
K0017,NU,"Detachable, adjustible height armrest base",Each,,48.2,,Retail less 36%,
K0018,NU,"Detachable, adjustable height armrest, upper portion",Each,,26.95,,Retail less 36%,
K0019,NU,Arm pad,Each,,16.5,,Retail less 36%,
K0020,NU,"Fixed, adjustable height armrest, pair",Pair,,43.85,,Retail less 36%,
K0037,NU,High mount flip-up f00trest,Each,,46.2,,Retail less 36%,
K0038,NU,Leg strap each,Each,,22.9,,Retail less 36%,
K0039,NU,Leg strap h style each,Each,,50.85,,Retail less 36%,
K0040,NU,Adjustable angle f00tplate,Each,,70.45,,Retail less 36%,
K0041,NU,Large size f00tplate each,Each,,50,,Retail less 36%,
K0042,NU,Standard size f00tplate each,Each,,29.75,,Retail less 36%,
K0043,NU,F00trest lower extension tube,Each,,18.45,,Retail less 36%,
K0044,NU,F00trest upper hanger bracket,Each,,15.7,,Retail less 36%,
K0045,NU,F00trest complete assembly,Each,,54.3,,Retail less 36%,
K0046,NU,Elevat legrst low extension,Each,,18.45,,Retail less 36%,
K0047,NU,Elevat legrst up hangr brack,Each,,72.15,,Retail less 36%,
K0050,NU,Ratchet assembly,Each,,29.6,,Retail less 36%,
K0051,NU,"Cam release assembly, f00trest or legrest",Each,,49.6,,Retail less 36%,
K0052,NU/RR,Swingaway detachable f00trest,Each,,87.5,,Retail less 36%,
K0053,NU/RR,"Elevating f00trest, articulating",Each/Month,9.65,96.5,9.65,96.5,
K0056,NU,"Seat height under 17 inches, or 21 inches or greater for high strength, lightweight,
or ultralightweight MWC",Each,,104.1,,Retail less 36%,
K0065,NU,Spoke protectors,Each,,48.7,,Retail less 36%,
K0069,NU,"Rear wheel assembly, complete, with solid tire, spokes or molded",Each,,109.35,,Retail less 36%,
K0070,NU,"Rear wheel assembly, complete, with pneumatic tire, spokes or molded",Each,,200.6,,Retail less 36%,
K0071,NU,"Front caster assembly, complete, with pneumatic tire",Each,,119.55,,Retail less 36%,
K0072,NU,"Front caster assembly, complete, with semi-pneumatic tire",Each,,67.65,,Retail less 36%,
K0073,NU,Caster pin lock,Each,,36.65,,Retail less 36%,
K0077,NU,"Front caster assembly, complete, with solid tire",Each,,64.4,,Retail less 36%,
K0098,NU,Drive belt power for wheelchair,Each,,24.9,,Retail less 36%,
K0105,NU,IV hanger,Each,,108.85,,Retail less 36%,
K0108,NU/RR,"Wheelchair component or accessory, not otherwise specified",Each/Month,Retail less 36%,Retail less 36%,Retail less 36%,Retail less 36%,
K0195,NU/RR,Elevating legrests,Pair/Month,10.9,109,10.9,109,
K0462,RR,Temporary replacement for patient owned equipment being repaired,Each/Month,Retail less 25%,,Retail less 25%,,
K0739,NU,"Labor, repair DME other than Oxygen",15,,"$15.40
A,-",,"$15.40
A,-",
K0800,NU,"Power operated vehicle (sc00ter), group 1 standard, capacity up to and including 300 pounds",Each,,Retail less 37%,,Retail less 37%,
K0801,NU,"Power operated vehicle (sc00ter), group 1 heavy duty, capacity 301 - 450 pounds",Each,,Retail less 37%,,Retail less 37%,
K0802,NU,"Power operated vehicle (sc00ter), group
1 very heavy duty, capacity 451 - 600 pounds",Each,,Retail less 37%,,Retail less 37%,
K0806,NU,"Power operated vehicle (sc00ter), group
2 standard, capacity up to and including 300 pounds",Each,,1564,,1564,
K0807,NU,"Power operated vehicle (sc00ter), group 2 heavy duty, capacity 301 - 450 pounds",Each,,2373,,2373,
K0808,NU,"Power operated vehicle (sc00ter), group 2 very heavy duty, capacity 451 - 600 pounds",Each,,3672,,3672,
K0812,NU,Power operated vehicle not otherwise classified,Each,,Retail less 37%,,Retail less 37%,
K0813,NU,"Power wheelchair, group 1 standard, portable, sling/solid seat and back, capacity up to and includinq 300 lbs",Each,,2405.1,,2405.1,
K0814,NU,"PWC, group 1 standard, portable, captains chair, capacity up to and
including 300 lbs",Each,,2487.55,,2487.55,
K0815,NU,"PWC, group 1 standard, sling/solid seat
and back, capacity up to and including 300Ibs",Each,,2744.75,,2744.75,
K0816,NU,"Power wheelchair, group 1 standard,
captains chair, capacity up to and including 300 pounds",Each,,2545.2,,2545.2,
K0820,NU,"Power wheelchair, group 2 standard, portable, sling/solid seat and back, capacity up to and including 300 lbs",Each,,2470.75,,2470.75,
K0821,NU,"Power wheelchair, group 2 standard, portable, captains chair, capacity up to
and including 300 pounds",Each,,2549.7,,2549.7,
K0822,NU,"Power wheelchair, group 2 standard, portable, sling/solid seat and back,
capacity up to and including 300 lbs",Each,,2741.9,,2741.9,
K0823,NU,"Power wheelchair, group 2 standard, captains chair, capacity up to and
including 300 pounds",Each,,2551.6,,2551.6,
K0824,NU,"Power wheelchair, group 2 heavy duty,
sling/solid seat and back, capacity 301 - 450 pounds",Each,,3932.65,,3932.65,
K0825,NU,"Power wheelchair, group 2 heavy duty,
?aptains chair, capacity 301 - 450 pounds",Each,,3643.7,,3643.7,
K0826,NU,"Power wheelchair, group 2 very heavy duty, sling/solid seat and back, capacity 451 to 600 pounds",Each,,6658.35,,6658.35,
K0827,NU,"Power wheelchair, group 2 very heavy duty, captains chair, capacity 451 to 600
pounds",Each,,5817.75,,5817.75,
K0828,NU,"Power wheelchair, group 2 extra heavy duty, sling/solid seat and back, capacity 601 pounds or more",Each,,Retail less 36%,,Retail less 36%,
K0829,NU,"PWC, group 2 extra heavy duty, captains chair, 601 pounds or more",Each,,Retail less 36%,,Retail less 36%,
K0830,NU,"Power wheelchair, group 2 standard, seat
elevator, sling/solid seat and back, capacity up to and includinq 300 lbs",Each,,Retail less 36%,,Retail less 36%,
K0831,NU,"PWC, group 2 standard, seat elevator,
captains chair, patient weight capacity up to and including 300 lbs",Each,,Retail less 36%,,Retail less 36%,
K0835,NU,"PWC, group 2 standard, single power
option, sling/solid seat and back, capacity up to and including 300 lbs",Each,,2905.95,,2905.95,
K0836,NU,"PWC, group 2 standard, single power option, captains chair, capacity up to and
including 300 lbs",Each,,3014.1,,3014.1,
K0837,NU,"Power wheelchair, group 2 heavy duty,
single power option, sling/solid seat and back, capacity 301 to 450 pounds",Each,,3727.3,,3727.3,
K0838,NU,"Power wheelchair, group 2 heavy duty,
single power option, captains chair, capacity 301 to 450 pounds",Each,,3303.55,,3303.55,
K0839,NU,"Power wheelchair, group 2 very heavy
duty, single power option, sling/solid seat and back, capacity 451 to 600 lbs",Each,,Retail less 36%,,Retail less 36%,
K0840,NU,"PWC, group 2 extra heavy duty, single power option, sling/solid seat and back,
capacity 601 pounds or more",Each,,Retail less 36%,,Retail less 36%,
K0841,NU,"PWC, group 2 standard, multiple power
bption, sling/solid seat and back, capacity up to and including 300 lbs",Each,,3274.8,,3274.8,
K0842,NU,"Power wheelchair, group 2 standard,
multiple power option, captains chair, capacity up to and including 300 lbs",Each,,3270.05,,3270.05,
K0843,NU,"Power wheelchair, group 2 heavy duty,
multiple power option, sling/solid seat and back, capacity 301 to 450 pounds",Each,,3881.9,,3881.9,
K0848,NU,"Power wheelchair, group 3 standard,
sling/solid seat and back, capacity up to and including 300 pounds",Each,,5549,,5549,
K0849,NU,"Power wheelchair, group 3 standard, captains chair, capacity up to and including 300 pounds",Each,,5335,,5335,
K0850,NU,"Power wheelchair, group 3 heavy duty, sling/solid seat and back, capacity 301 to
450 pounds",Each,,6436,,6436,
K0851,NU,"Power wheelchair, group 3 heavy duty, captains chair, capacity 301 to 450 lbs",Each,,6188,,6188,
K0852,NU,"Power wheelchair, group 3 very heavy duty, sling/solid seat and back, capacity
451 to 600 pounds",Each,,Retail less 36%,,Retail less 36%,
K0853,NU,"PWC, group 3 very heavy duty, captains chair, capacity 451 to 600 pounds",Each,,Retail less 36%,,Retail less 36%,
K0854,NU,"Power wheelchair, group 3 extra heavy duty, sling/solid seat and back, capacity 601 pounds or more",Each,,Retail less 36%,,Retail less 36%,
K0855,NU,"Power wheelchair, group 3 extra heavy duty, captains chair, capacity 601 pounds
or more",Each,,Retail less 36%,,Retail less 36%,
K0856,NU,"PWC, group 3 standard, single power pption, sling/solid seat and back, capacity up to and including 300 lbs",Each,,5956,,5956,
K0857,NU,"Power wheelchair, group 3 standard, single power option, captains chair, capacity up to and including 300 lbs",Each,,6075,,6075,
K0858,NU,"Power wheelchair, group 3 heavy duty, single power option, sling/solid seat and
back, capacity 301 to 450 pounds",Each,,7389,,7389,
K0859,NU,"Power wheelchair, group 3 heavy duty,
single power option, captains chair, capacity 301 to 450 pounds",Each,,7047,,7047,
K0860,NU,"Power wheelchair, group 3 very heavy
duty, single power option, sling/solid seat and back, capacity 451 to 600 lbs",Each,,10557,,10557,
K0861,NU,"PWC, group 3 standard, multiple power
pption, sling/solid seat and back, capacity up to and including 300 lbs",Each,,5965,,5965,
K0862,NU,"Power wheelchair, group 3 heavy duty, multiple power option, sling/solid seat
and back, capacity 301 to 450 pounds",Each,,7389,,7389,
K0863,NU,"Power wheelchair, group 3 very heavy
duty, multiple power option, sling/solid seat and back, capacity 451 to 600 lbs",Each,,10557,,10557,
K0864,NU,"PWC, group 3 extra heavy duty, multiple power option, sling/solid seat and back,
capacity 601 pounds or more",Each,,Retail less 36%,,Retail less 36%,
K0868,NU,"Power wheelchair, group 4 standard,
sling/solid seat and back, capacity up to and includinq 300 pounds",Each,,Retail less 36%,,Retail less 36%,
K0869,NU,"Power wheelchair, group 4 standard,
captains chair, capacity up to and including 300 pounds",Each,,Retail less 36%,,Retail less 36%,
K0870,NU,"Power wheelchair, group 4 heavy duty, sling/solid seat and back, capacity 301 to 450 pounds",Each,,Retail less 36%,,Retail less 36%,
K0871,NU,"Power wheelchair, group 4 very heavy duty, sling/solid seat and back, capacity
451 to 600 pounds",Each,,Retail less 36%,,Retail less 36%,
K0877,NU,"PWC, group 4 standard, single power bption, sling/solid seat and back, capacity
up to and including 300 lbs",Each,,Retail less 36%,,Retail less 36%,
K0878,NU,"Power wheelchair, group 4 standard, single power option, captains chair,
capacity up to and including 300 lbs",Each,,Retail less 36%,,Retail less 36%,
K0879,NU,"Power wheelchair, group 4 heavy duty,
single power option, sling/solid seat and back, capacity 301 to 450 pounds",Each,,Retail less 36%,,Retail less 36%,
K0880,NU,"Power wheelchair, group 4 very heavy
duty, single power option, sling/solid seat and back, capacity 451 to 600 lbs",Each,,Retail less 36%,,Retail less 36%,
K0884,NU,"PWC, group 4 standard, multiple power option, sling/solid seat & back, capacity up to and including 300 lbs",Each,,Retail less 36%,,Retail less 36%,
K0885,NU,"Power wheelchair, group 4 standard, multiple power option, captains chair, capacity up to and including 300 lbs",Each,,Retail less 36%,,Retail less 36%,
K0886,NU,"Power wheelchair, group 4 heavy duty, multiple power option, sling/solid seat
and back, capacity 301 to 450 pounds",Each,,Retail less 36%,,Retail less 36%,
K0890,NU,"PWC, group 5 pediatric, single power option, sling/solid seat and back, capacity
up to and including 125 lbs",Each,,Retail less 36%,,Retail less 36%,
K0891,NU,"PWC, group 5 pediatric, multiple power
option, sling/solid seat and back, capacity up to and including 125 lbs",Each,,Retail less 36%,,Retail less 36%,
K0898,NU,Power wheelchair not otherwise classified,Each,,Retail less 36%,,Retail less 36%,
K0899,NU,"Power mobility device, not coded by dme pdac or does not meet criteria",Each,,Retail less 36%,,Retail less 36%,
